{
  "total": 75,
  "success": 0,
  "failed": [
    "2412.00651v1",
    "2411.18627v2",
    "2412.07587v6",
    "2411.04376v2",
    "2410.18929v2",
    "2410.20812v3",
    "2412.07042v1",
    "2410.13267v2",
    "2410.07168v2",
    "2411.11853v3",
    "2501.01454v2",
    "2412.12783v2",
    "2411.00816v2",
    "2410.10516v3",
    "2411.08777v2",
    "2410.08642v2",
    "2411.04950v4",
    "2411.05000v2"
  ],
  "details": {}
}